{"cameraMode":{"drawMode":0,"name":"Shaded","section":"Shading Mode"},"sceneLighting":false,"audioPlay":false,"sceneViewState":{"showFog":true,"showMaterialUpdate":false,"showSkybox":false,"showFlares":true,"showImageEffects":true,"showParticleSystems":true,"showVisualEffectGraphs":true,"m_FxEnabled":true},"in2DMode":false,"pivot":{"x":0.0022102147340774538,"y":0.14366492629051209,"z":0.00036913156509399414},"rotation":{"x":0.10366308689117432,"y":-0.8345414400100708,"z":0.16821663081645966,"w":0.5143046975135803},"size":0.4148995876312256,"orthographic":false}