{"cameraMode":{"drawMode":0,"name":"Shaded","section":"Shading Mode"},"sceneLighting":false,"audioPlay":false,"sceneViewState":{"showFog":true,"showMaterialUpdate":false,"showSkybox":false,"showFlares":true,"showImageEffects":true,"showParticleSystems":true,"showVisualEffectGraphs":true,"m_FxEnabled":true},"in2DMode":false,"pivot":{"x":0.0005519986152648926,"y":0.0005520842969417572,"z":-0.003718852996826172},"rotation":{"x":0.16257570683956147,"y":-0.7596893310546875,"z":0.20779883861541749,"w":0.5943568348884583},"size":0.22656060755252839,"orthographic":false}