{"cameraMode":{"drawMode":0,"name":"Shaded","section":"Shading Mode"},"sceneLighting":true,"audioPlay":false,"sceneViewState":{"showFog":true,"showMaterialUpdate":false,"showSkybox":true,"showFlares":true,"showImageEffects":true,"showParticleSystems":true,"showVisualEffectGraphs":true,"m_FxEnabled":true},"in2DMode":false,"pivot":{"x":0.9786838889122009,"y":3.3986592292785646,"z":-15.671666145324707},"rotation":{"x":0.024995392188429834,"y":0.969778835773468,"z":-0.2149367779493332,"w":0.11277665197849274},"size":1.5104734897613526,"orthographic":false}