{"cameraMode":{"drawMode":0,"name":"Shaded","section":"Shading Mode"},"sceneLighting":true,"audioPlay":false,"sceneViewState":{"showFog":true,"showMaterialUpdate":false,"showSkybox":true,"showFlares":true,"showImageEffects":true,"showParticleSystems":true,"showVisualEffectGraphs":true,"m_FxEnabled":true},"in2DMode":false,"pivot":{"x":330.8712158203125,"y":169.73338317871095,"z":94.29544067382813},"rotation":{"x":-0.007497686427086592,"y":-0.01912940852344036,"z":0.0001505284890299663,"w":-0.9998433589935303},"size":214.6214141845703,"orthographic":false}