{"cameraMode":{"drawMode":0,"name":"Shaded","section":"Shading Mode"},"sceneLighting":false,"audioPlay":false,"sceneViewState":{"showFog":true,"showMaterialUpdate":false,"showSkybox":false,"showFlares":true,"showImageEffects":true,"showParticleSystems":true,"showVisualEffectGraphs":true,"m_FxEnabled":true},"in2DMode":false,"pivot":{"x":0.0010039806365966797,"y":0.20624029636383058,"z":-0.0020052194595336916},"rotation":{"x":-0.6281145215034485,"y":-0.08485951274633408,"z":0.06927376985549927,"w":-0.7704235911369324},"size":1.9866855144500733,"orthographic":false}