{"cameraMode":{"drawMode":0,"name":"Shaded","section":"Shading Mode"},"sceneLighting":false,"audioPlay":false,"sceneViewState":{"showFog":true,"showMaterialUpdate":false,"showSkybox":false,"showFlares":true,"showImageEffects":true,"showParticleSystems":true,"showVisualEffectGraphs":true,"m_FxEnabled":true},"in2DMode":false,"pivot":{"x":0.0000012218952178955079,"y":0.4492785930633545,"z":-5.960464477539063e-7},"rotation":{"x":0.041070420295000079,"y":0.8951363563537598,"z":-0.43532752990722659,"w":0.09017078578472138},"size":0.7171093225479126,"orthographic":false}