{"cameraMode":{"drawMode":0,"name":"Shaded","section":"Shading Mode"},"sceneLighting":false,"audioPlay":false,"sceneViewState":{"showFog":true,"showMaterialUpdate":false,"showSkybox":false,"showFlares":true,"showImageEffects":true,"showParticleSystems":true,"showVisualEffectGraphs":true,"m_FxEnabled":true},"in2DMode":false,"pivot":{"x":5.960464477539063e-7,"y":0.012734945863485337,"z":-0.006184756755828857},"rotation":{"x":0.06732220947742462,"y":-0.9320529699325562,"z":0.2334321141242981,"w":0.2688220739364624},"size":0.9232616424560547,"orthographic":false}