{"cameraMode":{"drawMode":0,"name":"Shaded","section":"Shading Mode"},"sceneLighting":false,"audioPlay":false,"sceneViewState":{"showFog":true,"showMaterialUpdate":false,"showSkybox":false,"showFlares":true,"showImageEffects":true,"showParticleSystems":true,"showVisualEffectGraphs":true,"m_FxEnabled":true},"in2DMode":false,"pivot":{"x":-0.001655280590057373,"y":0.026360422372817994,"z":0.0022060275077819826},"rotation":{"x":0.06732220947742462,"y":-0.9320529699325562,"z":0.2334321141242981,"w":0.2688220739364624},"size":0.9685974717140198,"orthographic":false}