{"cameraMode":{"drawMode":0,"name":"Shaded","section":"Shading Mode"},"sceneLighting":false,"audioPlay":false,"sceneViewState":{"showFog":true,"showMaterialUpdate":false,"showSkybox":false,"showFlares":true,"showImageEffects":true,"showParticleSystems":true,"showVisualEffectGraphs":true,"m_FxEnabled":true},"in2DMode":false,"pivot":{"x":0.03673556447029114,"y":0.6265425682067871,"z":-0.08375558257102967},"rotation":{"x":0.07994984835386276,"y":-0.9029155373573303,"z":0.1918850988149643,"w":0.3762226104736328},"size":0.825783371925354,"orthographic":false}