{"cameraMode":{"drawMode":0,"name":"Shaded","section":"Shading Mode"},"sceneLighting":false,"audioPlay":false,"sceneViewState":{"showFog":true,"showMaterialUpdate":false,"showSkybox":false,"showFlares":true,"showImageEffects":true,"showParticleSystems":true,"showVisualEffectGraphs":true,"m_FxEnabled":true},"in2DMode":false,"pivot":{"x":-0.03378218412399292,"y":0.059969305992126468,"z":-2.695530652999878},"rotation":{"x":-0.03813870996236801,"y":-0.9616732597351074,"z":0.18185894191265107,"w":-0.20165985822677613},"size":3.4181764125823976,"orthographic":false}