{"cameraMode":{"drawMode":0,"name":"Shaded","section":"Shading Mode"},"sceneLighting":false,"audioPlay":false,"sceneViewState":{"showFog":true,"showMaterialUpdate":false,"showSkybox":false,"showFlares":true,"showImageEffects":true,"showParticleSystems":true,"showVisualEffectGraphs":true,"m_FxEnabled":true},"in2DMode":false,"pivot":{"x":-0.08548331260681153,"y":0.22884371876716615,"z":0.13001757860183717},"rotation":{"x":0.14238741993904115,"y":-0.8067244291305542,"z":0.21625079214572907,"w":0.5311949849128723},"size":1.6063621044158936,"orthographic":false}