{"cameraMode":{"drawMode":0,"name":"Shaded","section":"Shading Mode"},"sceneLighting":false,"audioPlay":false,"sceneViewState":{"showFog":true,"showMaterialUpdate":false,"showSkybox":false,"showFlares":true,"showImageEffects":true,"showParticleSystems":true,"showVisualEffectGraphs":true,"m_FxEnabled":true},"in2DMode":false,"pivot":{"x":-0.13728082180023194,"y":1.0899572372436524,"z":-0.0038653388619422914},"rotation":{"x":0.24397613108158112,"y":0.7524018287658691,"z":-0.40560445189476015,"w":0.4587469696998596},"size":0.45974910259246828,"orthographic":false}