{"cameraMode":{"drawMode":0,"name":"Shaded","section":"Shading Mode"},"sceneLighting":false,"audioPlay":false,"sceneViewState":{"showFog":true,"showMaterialUpdate":false,"showSkybox":false,"showFlares":true,"showImageEffects":true,"showParticleSystems":true,"showVisualEffectGraphs":true,"m_FxEnabled":true},"in2DMode":false,"pivot":{"x":-0.2004336416721344,"y":0.40750181674957278,"z":0.3531440496444702},"rotation":{"x":0.022534692659974099,"y":-0.9770779013633728,"z":0.13510285317897798,"w":0.16299615800380708},"size":0.6528354287147522,"orthographic":false}