{"cameraMode":{"drawMode":0,"name":"Shaded","section":"Shading Mode"},"sceneLighting":false,"audioPlay":false,"sceneViewState":{"showFog":true,"showMaterialUpdate":false,"showSkybox":false,"showFlares":true,"showImageEffects":true,"showParticleSystems":true,"showVisualEffectGraphs":true,"m_FxEnabled":true},"in2DMode":false,"pivot":{"x":0.001445472240447998,"y":-1.7881393432617188e-7,"z":-0.003174913115799427},"rotation":{"x":-0.021719181910157205,"y":-0.963046133518219,"z":0.2508561611175537,"w":-0.09969544410705567},"size":0.5093926191329956,"orthographic":false}