{"cameraMode":{"drawMode":0,"name":"Shaded","section":"Shading Mode"},"sceneLighting":false,"audioPlay":false,"sceneViewState":{"showFog":true,"showMaterialUpdate":false,"showSkybox":false,"showFlares":true,"showImageEffects":true,"showParticleSystems":true,"showVisualEffectGraphs":true,"m_FxEnabled":true},"in2DMode":false,"pivot":{"x":0.014078915119171143,"y":0.36095088720321658,"z":0.011180475354194641},"rotation":{"x":-0.044633734971284869,"y":-0.9542283415794373,"z":0.18160642683506013,"w":-0.2337760478258133},"size":0.7093244194984436,"orthographic":false}