{"cameraMode":{"drawMode":0,"name":"Shaded","section":"Shading Mode"},"sceneLighting":false,"audioPlay":false,"sceneViewState":{"showFog":true,"showMaterialUpdate":false,"showSkybox":false,"showFlares":true,"showImageEffects":true,"showParticleSystems":true,"showVisualEffectGraphs":true,"m_FxEnabled":true},"in2DMode":false,"pivot":{"x":-0.0000011920928955078126,"y":-0.08294166624546051,"z":0.11381278932094574},"rotation":{"x":-0.003598225535824895,"y":-0.9768040180206299,"z":0.21372090280056,"w":-0.01673842780292034},"size":0.6378406882286072,"orthographic":false}