{"cameraMode":{"drawMode":0,"name":"Shaded","section":"Shading Mode"},"sceneLighting":false,"audioPlay":false,"sceneViewState":{"showFog":true,"showMaterialUpdate":false,"showSkybox":false,"showFlares":true,"showImageEffects":true,"showParticleSystems":true,"showVisualEffectGraphs":true,"m_FxEnabled":true},"in2DMode":false,"pivot":{"x":0.04187527298927307,"y":0.13196805119514466,"z":0.28583869338035586},"rotation":{"x":0.1149575486779213,"y":-0.8822076320648193,"z":0.28278833627700808,"w":0.3586123585700989},"size":1.1205939054489136,"orthographic":false}