{"cameraMode":{"drawMode":0,"name":"Shaded","section":"Shading Mode"},"sceneLighting":false,"audioPlay":false,"sceneViewState":{"showFog":true,"showMaterialUpdate":false,"showSkybox":false,"showFlares":true,"showImageEffects":true,"showParticleSystems":true,"showVisualEffectGraphs":true,"m_FxEnabled":true},"in2DMode":false,"pivot":{"x":0.03430606424808502,"y":0.4705186188220978,"z":-0.10650497674942017},"rotation":{"x":0.046003639698028567,"y":-0.9540373682975769,"z":0.20753692090511323,"w":0.21143057942390443},"size":1.1205939054489136,"orthographic":false}