{"cameraMode":{"drawMode":0,"name":"Shaded","section":"Shading Mode"},"sceneLighting":false,"audioPlay":false,"sceneViewState":{"showFog":true,"showMaterialUpdate":false,"showSkybox":false,"showFlares":true,"showImageEffects":true,"showParticleSystems":true,"showVisualEffectGraphs":true,"m_FxEnabled":true},"in2DMode":false,"pivot":{"x":0.00001640617847442627,"y":-0.08725731074810028,"z":0.032587889581918719},"rotation":{"x":0.08903906494379044,"y":-0.9132794737815857,"z":0.29774710536003115,"w":0.2644767463207245},"size":0.13087032735347749,"orthographic":false}