{"cameraMode":{"drawMode":0,"name":"Shaded","section":"Shading Mode"},"sceneLighting":false,"audioPlay":false,"sceneViewState":{"showFog":true,"showMaterialUpdate":false,"showSkybox":false,"showFlares":true,"showImageEffects":true,"showParticleSystems":true,"showVisualEffectGraphs":true,"m_FxEnabled":true},"in2DMode":false,"pivot":{"x":-0.0013628005981445313,"y":0.7636969089508057,"z":-0.010607898235321045},"rotation":{"x":0.022534692659974099,"y":-0.9770779013633728,"z":0.13510285317897798,"w":0.16299615800380708},"size":1.8858307600021363,"orthographic":false}