{"cameraMode":{"drawMode":0,"name":"Shaded","section":"Shading Mode"},"sceneLighting":false,"audioPlay":false,"sceneViewState":{"showFog":true,"showMaterialUpdate":false,"showSkybox":false,"showFlares":true,"showImageEffects":true,"showParticleSystems":true,"showVisualEffectGraphs":true,"m_FxEnabled":true},"in2DMode":false,"pivot":{"x":0.21250009536743165,"y":0.4290199279785156,"z":-0.012004971504211426},"rotation":{"x":0.11954598128795624,"y":-0.8635938763618469,"z":0.24263885617256165,"w":0.42550167441368105},"size":1.490774154663086,"orthographic":false}