{"cameraMode":{"drawMode":0,"name":"Shaded","section":"Shading Mode"},"sceneLighting":false,"audioPlay":false,"sceneViewState":{"showFog":true,"showMaterialUpdate":false,"showSkybox":false,"showFlares":true,"showImageEffects":true,"showParticleSystems":true,"showVisualEffectGraphs":true,"m_FxEnabled":true},"in2DMode":false,"pivot":{"x":-0.0002066195011138916,"y":0.37868303060531618,"z":0.19252456724643708},"rotation":{"x":-0.003598225535824895,"y":-0.9768040180206299,"z":0.21372090280056,"w":-0.01673842780292034},"size":0.5153717398643494,"orthographic":false}