{"cameraMode":{"drawMode":0,"name":"Shaded","section":"Shading Mode"},"sceneLighting":true,"audioPlay":false,"sceneViewState":{"showFog":true,"showMaterialUpdate":false,"showSkybox":true,"showFlares":true,"showImageEffects":true,"showParticleSystems":true,"showVisualEffectGraphs":true,"m_FxEnabled":true},"in2DMode":false,"pivot":{"x":1.9083914756774903,"y":4.888121128082275,"z":53.16120147705078},"rotation":{"x":-0.002304630121216178,"y":-0.5470113158226013,"z":0.0014086670707911254,"w":-0.8371784687042236},"size":2.2335262298583986,"orthographic":false}