{"cameraMode":{"drawMode":0,"name":"Shaded","section":"Shading Mode"},"sceneLighting":true,"audioPlay":false,"sceneViewState":{"showFog":true,"showMaterialUpdate":false,"showSkybox":true,"showFlares":true,"showImageEffects":true,"showParticleSystems":true,"showVisualEffectGraphs":true,"m_FxEnabled":true},"in2DMode":false,"pivot":{"x":4.459158897399902,"y":5.427493572235107,"z":-22.529048919677736},"rotation":{"x":0.00020418989879544824,"y":0.9994131326675415,"z":-0.03330141678452492,"w":0.01861056312918663},"size":14.329224586486817,"orthographic":false}