{"cameraMode":{"drawMode":0,"name":"Shaded","section":"Shading Mode"},"sceneLighting":true,"audioPlay":false,"sceneViewState":{"showFog":true,"showMaterialUpdate":false,"showSkybox":true,"showFlares":true,"showImageEffects":true,"showParticleSystems":true,"showVisualEffectGraphs":true,"m_FxEnabled":true},"in2DMode":false,"pivot":{"x":106.17683410644531,"y":49.14202117919922,"z":-206.57334899902345},"rotation":{"x":-0.03509791940450668,"y":-0.28244027495384219,"z":0.010369286872446537,"w":-0.9587041735649109},"size":31.62275505065918,"orthographic":false}