{"cameraMode":{"drawMode":0,"name":"Shaded","section":"Shading Mode"},"sceneLighting":true,"audioPlay":false,"sceneViewState":{"showFog":true,"showMaterialUpdate":false,"showSkybox":true,"showFlares":true,"showImageEffects":true,"showParticleSystems":true,"showVisualEffectGraphs":true,"m_FxEnabled":true},"in2DMode":false,"pivot":{"x":-6.733919143676758,"y":15.714622497558594,"z":57.113800048828128},"rotation":{"x":-0.019037652760744096,"y":-0.36219754815101626,"z":-0.008163293823599816,"w":0.9321916699409485},"size":7.580780982971191,"orthographic":false}