{"cameraMode":{"drawMode":0,"name":"Shaded","section":"Shading Mode"},"sceneLighting":true,"audioPlay":false,"sceneViewState":{"showFog":true,"showMaterialUpdate":false,"showSkybox":true,"showFlares":true,"showImageEffects":true,"showParticleSystems":true,"showVisualEffectGraphs":true,"m_FxEnabled":true},"in2DMode":false,"pivot":{"x":198.974853515625,"y":161.35165405273438,"z":66.2908935546875},"rotation":{"x":0.08091031759977341,"y":-0.00508506502956152,"z":0.00041282770689576864,"w":0.9967104196548462},"size":195.37625122070313,"orthographic":false}