{"cameraMode":{"drawMode":0,"name":"Shaded","section":"Shading Mode"},"sceneLighting":true,"audioPlay":false,"sceneViewState":{"showFog":true,"showMaterialUpdate":false,"showSkybox":true,"showFlares":true,"showImageEffects":true,"showParticleSystems":true,"showVisualEffectGraphs":true,"m_FxEnabled":true},"in2DMode":false,"pivot":{"x":-19.271596908569337,"y":14.504743576049805,"z":17.557003021240236},"rotation":{"x":0.001188527443446219,"y":-0.9754440784454346,"z":0.22017814218997956,"w":0.00526456069201231},"size":18.28319549560547,"orthographic":false}