{"cameraMode":{"drawMode":0,"name":"Shaded","section":"Shading Mode"},"sceneLighting":true,"audioPlay":false,"sceneViewState":{"showFog":true,"showMaterialUpdate":false,"showSkybox":true,"showFlares":true,"showImageEffects":true,"showParticleSystems":true,"showVisualEffectGraphs":true,"m_FxEnabled":true},"in2DMode":false,"pivot":{"x":-12.113496780395508,"y":-12.245984077453614,"z":-4.166568279266357},"rotation":{"x":0.29486027359962466,"y":-0.38413938879966738,"z":0.13093416392803193,"w":0.8650739789009094},"size":23.386953353881837,"orthographic":false}