{"cameraMode":{"drawMode":0,"name":"Shaded","section":"Shading Mode"},"sceneLighting":true,"audioPlay":false,"sceneViewState":{"showFog":true,"showMaterialUpdate":false,"showSkybox":true,"showFlares":true,"showImageEffects":true,"showParticleSystems":true,"showVisualEffectGraphs":true,"m_FxEnabled":true},"in2DMode":false,"pivot":{"x":5.708356857299805,"y":1.1244791746139527,"z":-15.634939193725586},"rotation":{"x":0.02959940768778324,"y":-0.2562086284160614,"z":0.007762192282825708,"w":0.9662526249885559},"size":0.21790620684623719,"orthographic":false}