{"cameraMode":{"drawMode":0,"name":"Shaded","section":"Shading Mode"},"sceneLighting":false,"audioPlay":false,"sceneViewState":{"showFog":true,"showMaterialUpdate":false,"showSkybox":false,"showFlares":true,"showImageEffects":true,"showParticleSystems":true,"showVisualEffectGraphs":true,"m_FxEnabled":true},"in2DMode":false,"pivot":{"x":-0.04099494218826294,"y":0.7215915322303772,"z":-0.030038297176361085},"rotation":{"x":0.07994984835386276,"y":-0.9029155373573303,"z":0.1918850988149643,"w":0.3762226104736328},"size":0.8908225893974304,"orthographic":false}